	{

		"metadata": {
			"formatVersion" : 3.1,
			"generatedBy"   : "Blender 2.7 Exporter",
			"vertices"      : 33,
			"faces"         : 33,
			"normals"       : 33,
			"colors"        : 0,
			"uvs"           : [91],
			"materials"     : 1,
			"morphTargets"  : 0,
			"bones"         : 0
		},

			"scale" : 1.000000,
			
			"vertices" : [0.00401053,0.00895732,-1.00499,-0.0130002,0.00895732,-1.00499,-0.0130001,-0.00895741,-1.00499,0.00401054,-0.0089574,-1.00499,0.00435682,0.00932147,1.04147,0.0122014,0.0175829,1.04854,-0.00449475,-5.03703e-08,-1.13232,-0.0211898,0.0175829,1.04854,-0.0211898,-0.0175828,1.04854,0.00401111,-0.00895732,1.01659,-0.0129996,-0.00895732,1.01659,-0.0129996,0.0089574,1.01659,0.00401111,0.00895741,1.01659,0.0122014,-0.0175828,1.04854,0.0121952,-0.017577,-1.00499,-0.0211848,-0.017577,-1.00499,-0.0211848,0.0175769,-1.00499,0.0121952,0.0175769,-1.00499,-0.0133453,0.00932146,1.04147,-0.0133453,-0.00932138,1.04147,0.00435682,-0.00932137,1.04147,0.0115206,0.016866,1.0958,-0.0205091,0.016866,1.0958,-0.0205091,-0.0168659,1.0958,0.0115207,-0.0168659,1.0958,0.00433251,0.00929578,1.08995,-0.0133209,0.00929578,1.08995,-0.0133209,-0.00929569,1.08995,0.00433252,-0.00929568,1.08995,0.0112483,0.0165791,1.14545,-0.0202367,0.0165791,1.14545,-0.0202367,-0.016579,1.14545,0.0112483,-0.016579,1.14545],
			"faces"    : [43,2,3,9,10,0,0,1,2,3,0,1,2,3,43,3,0,12,9,0,4,5,6,7,1,4,5,2,43,12,11,7,5,0,8,9,10,11,5,6,7,8,43,7,8,19,18,0,12,13,14,15,7,9,10,11,43,11,10,8,7,0,16,17,18,19,6,3,9,7,43,10,9,13,8,0,3,2,20,21,3,2,12,9,43,9,12,5,13,0,7,6,22,23,2,5,8,12,43,1,2,10,11,0,24,25,17,16,13,0,3,6,43,0,1,11,12,0,26,27,9,8,4,13,6,5,43,2,1,16,15,0,28,29,30,31,0,13,14,15,43,3,2,15,14,0,32,28,31,33,1,0,15,16,43,0,3,14,17,0,34,32,33,35,4,1,16,17,43,1,0,17,16,0,29,34,35,30,13,4,17,14,42,16,17,6,0,36,37,38,14,17,18,42,17,14,6,0,39,40,41,17,16,18,42,14,15,6,0,42,43,44,16,15,18,42,15,16,6,0,30,45,46,15,14,18,43,8,13,20,19,0,13,47,48,14,9,12,19,10,43,13,5,4,20,0,47,49,50,48,12,8,20,19,43,5,7,18,4,0,49,12,15,50,8,7,11,20,43,18,19,23,22,0,51,52,53,54,11,10,21,22,43,19,20,24,23,0,55,56,57,58,10,19,23,21,43,20,4,21,24,0,59,60,61,62,19,20,24,23,43,4,18,22,21,0,63,64,65,66,20,11,22,24,43,22,23,27,26,0,67,68,69,70,22,21,25,26,43,23,24,28,27,0,68,71,72,69,21,23,27,25,43,24,21,25,28,0,71,73,74,72,23,24,28,27,43,21,22,26,25,0,73,67,70,74,24,22,26,28,43,26,27,31,30,0,75,76,12,77,26,25,29,30,43,27,28,32,31,0,78,79,38,80,25,27,31,29,43,28,25,29,32,0,81,82,83,84,27,28,32,31,43,25,26,30,29,0,85,86,87,88,28,26,30,32,43,30,31,32,29,0,84,83,89,90,30,29,31,32],
			"uvs"      : [[0.54038,0.928249,0.524952,0.928221,0.532314,0.084388,0.547742,0.084417,0.54051,0.929964,0.524263,0.929934,0.531622,0.086377,0.54787,0.086407,0.550238,0.086073,0.534811,0.086044,0.527501,0.07254,0.557784,0.072596,0.212929,0.071249,0.244822,0.071249,0.237329,0.074527,0.220421,0.074527,0.548507,0.085916,0.53226,0.085885,0.524554,0.072413,0.556447,0.072473,0.525004,0.070884,0.555287,0.07094,0.523917,0.07286,0.55581,0.072919,0.541143,0.930023,0.524896,0.929993,0.542877,0.929906,0.52745,0.929877,0.242352,0.046129,0.226105,0.046129,0.218287,0.04271,0.25017,0.04271,0.242352,0.053236,0.25017,0.056655,0.226105,0.053236,0.218287,0.056655,0.102371,0.0592,0.13239,0.057396,0.13239,0.111305,0.070785,0.044708,0.102371,0.04271,0.102371,0.096684,0.162409,0.111305,0.13239,0.109501,0.162409,0.057396,0.218287,0.057396,0.102371,0.050053,0.244822,0.0852,0.237329,0.081922,0.212929,0.0852,0.220421,0.081922,0.162409,0.110136,0.162409,0.102347,0.211873,0.099195,0.211873,0.113288,0.211873,0.109584,0.211873,0.102188,0.261392,0.099195,0.261392,0.112576,0.162409,0.096043,0.162409,0.088254,0.211944,0.085102,0.211944,0.099195,0.211944,0.096202,0.211944,0.088806,0.261462,0.085813,0.261462,0.099195,0.070785,0.096684,0.101378,0.096684,0.094512,0.099687,0.07765,0.099687,0.101378,0.110065,0.094512,0.107062,0.070785,0.110065,0.07765,0.107062,0.162409,0.082059,0.162409,0.074292,0.212929,0.085102,0.081819,0.121569,0.081819,0.114194,0.13239,0.124459,0.162409,0.068206,0.162409,0.060439,0.212995,0.057396,0.212995,0.071249,0.162409,0.123552,0.162409,0.116177,0.212981,0.113288,0.212981,0.126442,0.24155,0.057396,0.24155,0.071249]],
			"normals"  : [-0.301492,-0.301492,0.904508,0.301492,-0.301492,0.904508,0.695761,-0.691855,-0.192877,-0.695761,-0.691855,-0.192877,0.301492,0.301492,0.904508,0.695761,0.691855,-0.192877,-0.695761,0.691855,-0.192877,-0.561846,0.562395,0.606647,0.561846,0.562395,0.606647,-0.561846,-0.562395,0.606647,-0.067995,-0.088748,0.993713,-0.067995,0.088748,0.993713,0.561846,-0.562395,0.606647,-0.301492,0.301492,0.904508,-0.608112,0.610462,0.507462,-0.608081,-0.610462,0.507462,0.608112,-0.610462,0.507462,0.608112,0.610462,0.507462,0,0,-1,0.067995,-0.088748,0.993713,0.067995,0.088748,0.993713,-0.539628,-0.53853,0.647084,-0.539628,0.53853,0.647084,0.539628,-0.53853,0.647084,0.539628,0.53853,0.647084,-0.085116,-0.104923,0.990814,-0.085116,0.104923,0.990814,0.085086,-0.104923,0.990814,0.085116,0.104923,0.990814,-0.606739,-0.608997,0.510849,-0.606739,0.608997,0.510849,0.606739,-0.608997,0.510849,0.606739,0.608997,0.510849],
			
			"skinIndices"  : [],
			"skinWeights"  : [],
			"morphTargets" : [],
			
			"bones"      : [],
			"animations" : [],
			
			"colors"    : [],
			"materials" : [
				{
					"DbgColor": 15658734,
					"DbgIndex": 0,
					"DbgName": "terrain_mat",
					"blending": "NormalBlending",
					"colorAmbient": [0.6400000190734865, 0.6400000190734865, 0.6400000190734865],
					"colorDiffuse": [0.6400000190734865, 0.6400000190734865, 0.6400000190734865],
					"colorEmissive": [0.0, 0.0, 0.0],
					"colorSpecular": [0.5, 0.5, 0.5],
					"depthTest": true,
					"depthWrite": true,
					"mapDiffuse": "../images/lukUV.png",
					"mapDiffuseWrap": ["repeat", "repeat"],
					"shading": "Lambert",
					"specularCoef": 50,
					"transparency": 1.0,
					"transparent": false,
					"vertexColors": false
				}
			]


	}
