	{

		"metadata": {
			"formatVersion" : 3.1,
			"generatedBy"   : "Blender 2.7 Exporter",
			"vertices"      : 33,
			"faces"         : 33,
			"normals"       : 29,
			"colors"        : 0,
			"uvs"           : [60],
			"materials"     : 1,
			"morphTargets"  : 0,
			"bones"         : 0
		},

			"scale" : 1.000000,
			
			"vertices" : [-1.49599e-08,0.0412827,-0.00117256,-0.00449509,0.0381224,0.0407777,0.00449506,0.0381224,0.0407777,-0.0182061,0.0514801,0.0421932,-0.00449509,-0.0307092,-0.00117262,-0.00449509,-0.0307092,0.0407776,0.00449506,-0.0307092,0.0407776,0.00449506,-0.0307092,-0.00117262,-1.08587e-08,0.0386839,-0.139053,0.0182061,0.0514801,0.0421932,-0.00449508,-0.0307092,-0.139053,0.00449506,-0.0307092,-0.139053,-1.01078e-08,0.0332648,-0.164524,-0.0182061,-0.0440669,0.0421932,-0.00449508,-0.0267192,-0.164524,0.00449506,-0.0267192,-0.164524,-6.24418e-09,0.0240569,-0.29473,0.0182061,-0.0440669,0.0421932,-0.00449508,-0.0187396,-0.29473,0.00449507,-0.0187396,-0.29473,-2.65573e-09,0.00234649,-0.41627,-0.0182061,0.0514801,0.0615109,0.0182061,0.0514801,0.0615109,-0.0182061,-0.0440669,0.061511,0.0182061,-0.0440669,0.061511,-0.012901,0.0196204,0.0615109,0.0129009,0.0196204,0.0615109,-0.012901,-0.0122076,0.0615109,0.0129009,-0.0122076,0.0615109,-0.012901,0.0196204,0.347684,0.0129009,0.0196204,0.347684,-0.012901,-0.0122073,0.347684,0.0129009,-0.0122073,0.347684],
			"faces"    : [43,1,0,4,5,0,0,1,2,3,0,1,2,3,43,2,1,3,9,0,4,5,6,7,4,0,5,6,43,1,5,13,3,0,8,9,10,11,0,3,7,5,43,5,6,17,13,0,12,13,14,15,3,8,9,7,43,7,6,5,4,0,16,17,3,2,10,8,3,2,43,7,4,10,11,0,16,2,18,19,10,2,11,12,43,0,7,11,8,0,20,16,19,21,1,10,12,13,43,4,0,8,10,0,2,1,22,18,2,1,13,11,43,11,10,14,15,0,19,18,23,24,12,11,14,15,43,8,11,15,12,0,21,19,24,25,13,12,15,16,43,10,8,12,14,0,18,22,26,23,11,13,16,14,43,15,14,18,19,0,24,23,27,28,15,14,17,18,43,12,15,19,16,0,25,24,28,29,16,15,18,19,43,14,12,16,18,0,23,26,30,27,14,16,19,17,42,16,19,20,0,29,28,31,19,18,20,43,6,2,9,17,0,32,33,34,35,8,4,6,9,43,3,13,23,21,0,11,10,36,37,5,7,21,22,42,0,1,2,0,38,39,40,1,0,4,42,19,18,20,0,28,27,31,18,17,20,43,0,2,6,7,0,20,41,17,16,1,4,8,10,42,18,16,20,0,27,30,31,17,19,20,43,13,17,24,23,0,15,14,42,36,7,9,23,21,43,17,9,22,24,0,35,34,43,42,9,6,24,23,43,9,3,21,22,0,7,6,37,43,6,5,22,24,43,21,23,27,25,0,37,36,44,45,22,21,25,26,43,23,24,28,27,0,36,42,46,44,21,23,27,25,43,24,22,26,28,0,42,43,47,46,23,24,28,27,43,22,21,25,26,0,43,37,45,47,24,22,26,28,43,25,27,31,29,0,48,49,50,51,26,25,21,22,43,27,28,32,31,0,52,53,54,50,25,27,23,21,43,28,26,30,32,0,55,56,57,54,27,28,24,23,43,26,25,29,30,0,58,59,51,57,28,26,22,24,43,30,29,31,32,0,57,51,50,54,24,22,21,23],
			"uvs"      : [[0.999888,0.96907,0.964837,0.993966,0.964904,0.911747,0.999855,0.911746,0.109284,0.711051,0.108804,0.694517,0.270692,0.664584,0.272635,0.731549,0.464539,0.605414,0.587505,0.606188,0.745299,0.631807,0.306435,0.629045,0.943957,0.685783,0.944437,0.702317,0.78255,0.73225,0.780607,0.665286,0.964904,0.904257,0.999855,0.904258,0.585833,0.911742,0.585833,0.904255,0.964837,0.822038,0.585831,0.824223,0.58583,0.991773,0.208217,0.911741,0.208217,0.904254,0.208154,0.845328,0.208154,0.970669,0.1006,0.911708,0.100602,0.904287,0.099716,0.86203,0.099709,0.953966,0.000111,0.907985,0.588703,0.791421,0.465737,0.790647,0.307943,0.765028,0.746807,0.76779,0.745081,0.666316,0.306218,0.663554,0.499308,0.871095,0.54164,0.863639,0.542291,0.871095,0.999888,0.846934,0.747024,0.733281,0.30816,0.730518,0.560508,0.674857,0.493192,0.674118,0.56005,0.722717,0.492734,0.721977,0.203794,0.587697,0.238594,0.622987,0.556839,0.309178,0.522039,0.273888,0.869737,0.626489,0.841128,0.654701,0.528229,0.33739,0.210905,0.650292,0.176105,0.614999,0.493429,0.302098,0.811296,0.624413,0.839906,0.596203]],
			"normals"  : [-0.353648,0.330973,-0.874844,0,0.962737,-0.270363,-0.723319,-0.690207,-0.019135,-0.335215,-0.328166,-0.883114,0.353648,0.330973,-0.874844,-0.587329,0.587146,-0.556993,0.587329,0.587146,-0.556993,-0.587329,-0.587146,-0.556993,0.335215,-0.328166,-0.883114,0.587329,-0.587146,-0.556993,0.723319,-0.690207,-0.019135,-0.712424,-0.69924,-0.058992,0.712424,-0.69924,-0.058992,0,0.999817,-0.018403,-0.744896,-0.662435,-0.079226,0.744896,-0.662435,-0.079226,0,0.999847,-0.016022,-0.730399,-0.676565,-0.093326,0.730399,-0.676565,-0.093326,0,0.995727,-0.092074,0,0.055025,-0.998474,-0.577349,-0.577349,0.577349,-0.577349,0.577349,0.577349,0.577349,-0.577349,0.577349,0.577349,0.577349,0.577349,-0.301492,-0.301492,0.904508,-0.301492,0.301492,0.904508,0.301492,-0.301492,0.904508,0.301492,0.301492,0.904508],
			
			"skinIndices"  : [5,21,5,21,5,21,5,21,5,21,5,21,5,21,5,21,5,20,5,21,5,20,5,20,5,14,5,21,5,14,5,14,5,14,5,21,5,14,5,14,5,14,5,21,5,21,5,21,5,21,5,21,5,21,5,21,5,21,5,6,5,6,5,6,5,6],
			"skinWeights"  : [1,0,1,0,1,0,1,0,1,0,1,0,1,0,1,0,1,0,1,0,1,0,1,0,1,0,1,0,1,0,1,0,1,0,1,0,1,0,1,0,1,0,1,0,1,0,1,0,1,0,1,0,1,0,1,0,1,0,1,0,1,0,1,0,1,0],
			"morphTargets" : [],
			
			"bones"      : [],
			"animations" : [],
			
			"colors"    : [],
			"materials" : [
				{
					"DbgColor": 15658734,
					"DbgIndex": 0,
					"DbgName": "Material.001",
					"blending": "NormalBlending",
					"colorAmbient": [0.5257143098967418, 0.5257143098967418, 0.5257143098967418],
					"colorDiffuse": [0.5257143098967418, 0.5257143098967418, 0.5257143098967418],
					"colorEmissive": [0.0, 0.0, 0.0],
					"colorSpecular": [0.45578232407569885, 0.45578232407569885, 0.45578232407569885],
					"depthTest": true,
					"depthWrite": true,
					"mapDiffuse": "../images/middleSword.png",
					"mapDiffuseWrap": ["repeat", "repeat"],
					"shading": "Lambert",
					"specularCoef": 50,
					"transparency": 1.0,
					"transparent": false,
					"vertexColors": false
				}
			]


	}
