	{

		"metadata": {
			"formatVersion" : 3.1,
			"generatedBy"   : "Blender 2.7 Exporter",
			"vertices"      : 120,
			"faces"         : 62,
			"normals"       : 20,
			"colors"        : 0,
			"uvs"           : [152,152,248],
			"materials"     : 1,
			"morphTargets"  : 0,
			"bones"         : 0
		},

			"scale" : 1.000000,
			
			"vertices" : [-83.4503,9.35562,-1.75404,-82.4684,9.35562,-1.75404,-83.4503,9.35563,30.1122,-82.4684,9.35563,30.1122,-82.4684,9.35563,24.7037,-82.4684,25.5858,3.59829,-82.4684,9.35563,23.5851,-82.4684,25.5858,4.62948,-82.4684,9.35563,4.62948,-82.4684,25.5858,24.7037,-82.4684,9.35563,3.5983,-82.4684,25.5858,23.5851,-76.9782,9.35563,24.7037,-76.9782,9.35563,23.5851,-77.0268,9.35563,4.62948,-77.0268,9.35563,3.59829,-66.8091,9.35562,-1.75404,-67.791,9.35562,-1.75404,-66.8091,9.35563,30.1122,-67.791,9.35563,30.1122,-67.791,9.35563,24.7037,-82.4684,25.5858,30.1122,-67.791,9.35563,23.5851,-83.4503,25.5858,30.1122,-67.791,9.35563,4.62948,-82.4684,25.5858,-1.75404,-67.791,9.35563,3.59829,-83.4503,25.5858,-1.75404,-73.2812,9.35563,24.7037,-73.2812,9.35563,23.5851,-73.2326,9.35563,4.62948,-73.2326,9.35563,3.59829,-76.9782,25.5858,24.7037,-76.9782,25.5858,23.5851,-77.0268,25.5858,4.62948,-77.0268,25.5858,3.59829,-66.8091,25.5858,-1.75404,-67.791,25.5858,-1.75404,-66.8091,25.5858,30.1122,-67.791,25.5858,30.1122,-67.791,25.5858,24.7037,-67.791,25.5858,23.5851,-67.791,25.5858,4.62948,-67.791,25.5858,3.59829,-73.2812,25.5858,24.7037,-73.2812,25.5858,23.5851,-73.2326,25.5858,4.62948,-73.2326,25.5858,3.59829,-84.9792,24.8416,-3.19162,-64.9814,24.8416,-3.19163,-84.9792,24.8416,31.6772,-64.9814,24.8416,31.6772,-84.9792,28.0595,-3.19162,-64.9814,28.0595,-3.19163,-84.9792,28.0595,31.6772,-64.9814,28.0595,31.6772,-77.9568,9.42835,0.389234,-77.1513,9.42835,0.00131607,-76.9524,9.42835,-0.870327,-77.5098,9.42835,-1.56933,-78.4039,9.42835,-1.56933,-78.9613,9.42835,-0.870327,-78.7624,9.42835,0.00131607,-72.4165,9.42835,0.473177,-71.6109,9.42835,0.0852594,-71.412,9.42835,-0.786383,-71.9694,9.42835,-1.48539,-72.8635,9.42835,-1.48539,-73.4209,9.42835,-0.786383,-73.222,9.42835,0.0852594,-77.8729,9.42835,30.0218,-77.0674,9.42835,29.6339,-76.8684,9.42835,28.7622,-77.4259,9.42835,28.0632,-78.3199,9.42835,28.0632,-78.8773,9.42835,28.7622,-78.6784,9.42835,29.6339,-72.3325,9.42835,30.1058,-71.527,9.42835,29.7178,-71.328,9.42835,28.8462,-71.8855,9.42835,28.1472,-72.7795,9.42835,28.1472,-73.337,9.42835,28.8462,-73.138,9.42835,29.7178,-77.9568,25.7976,0.389233,-77.1513,25.7976,0.00131512,-76.9524,25.7976,-0.870328,-77.5098,25.7976,-1.56933,-78.4039,25.7976,-1.56933,-78.9613,25.7976,-0.870328,-78.7624,25.7976,0.00131512,-72.4165,25.7976,0.473176,-71.6109,25.7976,0.0852585,-71.412,25.7976,-0.786384,-71.9694,25.7976,-1.48539,-72.8635,25.7976,-1.48539,-73.4209,25.7976,-0.786384,-73.222,25.7976,0.0852585,-77.8729,25.7976,30.0218,-77.0674,25.7976,29.6339,-76.8684,25.7976,28.7622,-77.4259,25.7976,28.0632,-78.3199,25.7976,28.0632,-78.8773,25.7976,28.7622,-78.6784,25.7976,29.6339,-72.3325,25.7976,30.1058,-71.527,25.7976,29.7178,-71.328,25.7976,28.8462,-71.8855,25.7976,28.1472,-72.7795,25.7976,28.1472,-73.337,25.7976,28.8462,-73.138,25.7976,29.7178,-64.2703,2.18696,-3.63491,-64.2703,2.18697,31.2778,-86.0994,2.18697,31.2778,-86.0994,2.18696,-3.63491,-64.2703,9.75184,-3.63491,-64.2703,9.75184,31.2778,-86.0994,9.75184,31.2778,-86.0994,9.75184,-3.63491],
			"faces"    : [43,1,0,27,25,0,0,1,2,3,0,1,2,3,0,1,2,3,0,1,1,0,43,6,11,33,13,0,4,5,6,7,4,5,6,7,4,5,6,7,0,0,0,0,43,30,24,42,46,0,8,9,10,11,8,9,10,11,8,9,10,11,2,2,2,2,43,19,39,40,20,0,12,13,14,15,12,13,14,15,12,13,14,15,2,2,2,2,43,30,46,47,31,0,16,17,18,19,16,17,18,19,16,17,18,19,2,2,1,1,43,6,8,7,11,0,4,20,21,5,4,20,21,5,20,21,22,23,0,3,3,0,43,17,26,43,37,0,22,23,24,25,22,23,24,25,24,25,26,27,1,1,1,1,43,22,29,45,41,0,26,27,28,29,26,27,28,29,28,29,30,31,1,1,1,1,43,17,37,36,16,0,22,25,30,31,22,25,30,31,32,33,34,35,1,1,0,0,43,18,16,36,38,0,32,31,30,33,32,31,30,33,36,37,38,39,3,0,0,3,43,10,5,35,15,0,34,35,36,37,34,35,36,37,40,41,42,43,0,0,0,0,43,22,41,42,24,0,26,29,10,9,26,29,10,9,44,45,46,47,1,1,2,2,43,3,21,23,2,0,38,39,40,41,38,39,40,41,48,49,50,51,3,3,2,2,43,12,32,9,4,0,42,43,44,45,42,43,44,45,52,53,54,55,3,3,3,3,43,12,13,33,32,0,46,47,48,49,46,47,48,49,56,57,58,59,3,0,0,3,43,26,31,47,43,0,23,50,51,24,23,50,51,24,60,61,62,63,1,1,1,1,43,27,0,2,23,0,2,1,41,40,2,1,41,40,64,65,66,67,1,1,2,2,43,28,20,40,44,0,52,15,14,53,52,15,14,53,68,69,70,71,2,2,2,2,43,19,18,38,39,0,12,32,33,13,12,32,33,13,72,73,74,75,2,3,3,2,43,28,44,45,29,0,54,55,56,57,54,55,56,57,76,77,78,79,2,2,1,1,43,3,4,9,21,0,38,45,44,39,38,45,44,39,80,81,82,83,3,3,3,3,43,14,34,7,8,0,58,59,21,20,58,59,21,20,84,85,86,87,3,3,3,3,43,1,25,5,10,0,0,3,35,34,0,3,35,34,88,89,90,91,0,0,0,0,43,14,15,35,34,0,60,61,62,63,60,61,62,63,92,93,94,95,3,0,0,3,43,49,51,50,48,0,64,65,66,67,64,65,66,67,96,97,98,99,4,5,6,7,43,48,50,54,52,0,67,66,68,69,67,66,68,69,100,101,102,103,7,6,2,1,43,51,49,53,55,0,65,64,70,71,65,64,70,71,104,105,106,107,5,4,0,3,43,50,51,55,54,0,66,65,72,73,66,65,72,73,108,109,110,111,6,5,3,2,43,49,48,52,53,0,64,67,74,75,64,67,74,75,112,113,114,115,4,7,1,0,43,74,75,103,102,0,76,77,78,79,76,77,78,79,116,117,118,119,8,9,9,8,43,63,64,92,91,0,80,81,82,83,80,81,82,83,120,121,122,123,10,11,11,10,43,83,77,105,111,0,84,85,86,87,84,85,86,87,124,125,126,127,12,10,10,12,43,72,73,101,100,0,88,89,90,91,88,89,90,91,128,129,130,131,13,14,14,13,43,61,62,90,89,0,92,93,94,95,92,93,94,95,132,133,134,135,9,12,12,9,43,81,82,110,109,0,96,97,98,99,96,97,98,99,136,137,138,139,8,9,9,8,43,59,60,88,87,0,100,101,102,103,100,101,102,103,140,141,142,143,15,8,8,15,43,70,71,99,98,0,104,105,106,107,104,105,106,107,144,145,146,147,10,11,11,10,43,79,80,108,107,0,108,109,110,111,108,109,110,111,148,149,150,151,13,15,15,13,43,57,58,86,85,0,112,113,114,115,112,113,114,115,152,153,154,155,11,13,13,11,43,68,69,97,96,0,116,117,118,119,116,117,118,119,156,157,158,159,9,12,12,9,43,77,78,106,105,0,85,120,121,86,85,120,121,86,160,161,162,163,10,11,11,10,43,66,67,95,94,0,122,123,124,125,122,123,124,125,164,165,166,167,15,8,8,15,43,75,76,104,103,0,77,126,127,78,77,126,127,78,168,169,170,171,9,12,12,9,43,64,65,93,92,0,81,128,129,82,81,128,129,82,172,173,174,175,11,13,13,11,43,73,74,102,101,0,89,130,131,90,89,130,131,90,176,177,178,179,14,8,8,14,43,62,56,84,90,0,93,132,133,94,93,132,133,94,180,181,182,183,12,10,10,12,43,82,83,111,110,0,97,84,87,98,97,84,87,98,184,185,186,187,9,12,12,9,43,60,61,89,88,0,134,92,95,135,134,92,95,135,188,189,190,191,8,9,9,8,43,71,72,100,99,0,105,88,91,106,105,88,91,106,192,193,194,195,11,13,13,11,43,80,81,109,108,0,109,136,137,110,109,136,137,110,196,197,198,199,15,8,8,15,43,58,59,87,86,0,113,100,103,114,113,100,103,114,200,201,202,203,13,15,15,13,43,69,63,91,97,0,117,80,83,118,117,80,83,118,204,205,206,207,12,10,10,12,43,78,79,107,106,0,120,108,111,121,120,108,111,121,208,209,210,211,11,13,13,11,43,56,57,85,84,0,132,112,115,133,132,112,115,133,212,213,214,215,10,11,11,10,43,67,68,96,95,0,138,116,119,139,138,116,119,139,216,217,218,219,8,9,9,8,43,76,70,98,104,0,126,104,107,127,126,104,107,127,220,221,222,223,12,10,10,12,43,65,66,94,93,0,128,122,125,129,128,122,125,129,224,225,226,227,13,15,15,13,43,116,117,113,112,0,140,141,142,143,140,141,142,143,228,229,230,231,16,17,3,0,43,117,118,114,113,0,141,144,145,146,141,144,145,146,232,233,234,235,17,18,2,3,43,118,119,115,114,0,144,147,148,149,144,147,148,149,236,237,238,239,18,19,1,2,43,119,116,112,115,0,147,140,150,151,147,140,150,151,240,241,242,243,19,16,0,1,43,119,118,117,116,0,147,144,141,140,147,144,141,140,244,245,246,247,19,18,17,16],